RELEVE_NR,FIELD_NO,X,Y,DEG_LON,DEG_LAT,ALTITUDE,COV_TREES,COV_SHRUBS,cov_evergreen,SOIL_DEPTH,PH,Aspect,slope,hli_data,mean_annual_temp,annual_prec,prec_warm,tri,richness_herb,veg_type
1,MAK01,5062758.055930315,2165646.0571596045,18.9735694,42.1973222,25,50,15,78.82965472598652,14,6.99,125,30,0.7497244562212318,16.950000000000045,1740.7,173.3,7.438901901245117,21,mixed deciduous
2,MAK02,5056679.847628005,2174274.4671595567,18.9120583,42.28115,467,70,10,4.925498439,6,6.72,170,19,0.9513092688689495,14.050000000000011,2309.9,235.4,21.20672035217285,27,mixed deciduous
3,MAK03,5056797.230949296,2173714.704279893,18.912725,42.2760083,447,50,10,11.43191799,10,6.51,280,9,0.9521116871604132,14.050000000000011,2309.9,235.4,22.457555770874023,35,mixed deciduous
4,MAK04,5056349.530218794,2173871.911,18.9075528,42.2778944,356,35,80,7.869955752707556,14,6.78,236,3,0.9538741044459492,14.950000000000045,2270.6,231.70000000000002,19.03515625,23,mixed deciduous
5,MAK05,5055993.557640307,2173512.8377306536,18.9027972,42.2750556,202,60,10,21.088125805678775,11,6.39,260,11,0.9760539736201514,14.950000000000045,2270.6,231.70000000000002,24.874774932861328,19,mixed deciduous
6,MAK06,5056086.157451632,2173444.4863924766,18.9038194,42.2743444,241,45,20,25.37466415969312,12,6.51,245,2,0.9477069094872528,15.350000000000023,2188,222.70000000000002,21.145124435424805,24,mixed deciduous
7,MAK07,5064367.365571028,2210078.5531145735,19.0528861,42.5936694,110,75,1,37.8125,10,6.69,230,23,1.0223255970298628,15.150000000000034,2307,226.5,16.12890053,11,mixed deciduous
8,MAK08,5054562.357906148,2228354.252968002,18.9590917,42.7679389,692,70,8,1.9850499375000001,21,6.89,270,12,0.9623894808149939,11.150000000000034,2333.7000000000003,245.70000000000002,15.918068885803223,26,mixed deciduous
9,MAK09,5058658.3908078335,2230197.129568602,19.0112306,42.7800361,751,60,60,0,12,5.82,222,13,0.995177521,10.750000000000057,2516.8,269.40000000000003,17.549060821533203,30,mixed deciduous
10,MAK10,5034157.487666907,2191945.7922091647,18.6641167,42.463225,128,70,40,73.55493216019127,17,6.38,45,23,0.6476505540884364,15.450000000000045,2809.7000000000003,290.1,23.065542221069336,15,mixed deciduous
11,MAK11,5034228.405433521,2191905.3483297154,18.6649194,42.4627889,112,50,80,48.60814625334658,10,6.05,90,20,0.7373008982175411,15.450000000000045,2809.7000000000003,290.1,25.01001739501953,35,mixed deciduous
12,MAK12,5029496.360330741,2190781.219672409,18.6063972,42.4576028,364,50,65,62.77667968,10,5.99,270,9,0.9604037909807734,13.950000000000045,2628.4,264.8,23.036489486694336,43,mixed deciduous
13,MAK13,5021816.6571322065,2191254.628930936,18.5143778,42.4697167,293,35,3,13.62408845213247,10,6.54,220,23,1.0235354038542646,14.750000000000057,2275.5,219.8,22.78462791442871,55,mixed deciduous
14,MAK14,5084313.516716355,2160585.963843683,19.2252694,42.1285278,442,50,40,19,27,5.27,300,15,0.9160872348594901,14.350000000000023,1792.1000000000001,167.10000000000002,15.043314933776855,57,mixed deciduous
15,MAK15,5089671.785835497,2155386.709704876,19.2823222,42.076025,440,85,45,22.602667071249996,15,6.47,110,40,0.5830672513840685,14.150000000000034,1845.6000000000001,176.10000000000002,29.918092727661133,22,mixed deciduous
16,MAK16,5066396.944806401,2169501.574067718,19.0224222,42.2279556,414,80,20,14.86078385246031,10,5.75,80,10,0.8367795530939284,14.350000000000023,2237.8,217.20000000000002,33.86461258,36,mixed deciduous
17,MAK17,5070268.547325255,2171134.1725676362,19.0711167,42.2383944,65,45,20,13.5708175,25,5.66,325,10,0.8907051723192785,16.750000000000057,1864.5,176.60000000000002,15.931448936462402,26,mixed deciduous
18,MAK18,5064162.1247591395,2175322.3670667466,19.0033944,42.2825222,397,55,40,0.9975,22,5.69,100,7,0.8825690420664943,14.350000000000023,2481.2000000000003,241.10000000000002,29.030668258666992,49,mixed deciduous
19,MAK19,5061868.281515294,2173522.867,18.9734139,42.2688639,475,60,10,0.5,14,6.11,90,30,0.6204830525773192,13.750000000000057,2545.5,251.10000000000002,17.066865921020508,42,mixed deciduous
20,MAK20,5024444.781,2242484.6340489415,18.6124278,42.9262389,1160,30,10,0,11,7.07,0,0,0.9306427145170066,8.150000000000034,2304.9,274.2,4.584108829498291,78,mixed deciduous
21,MAK21,5025545.327652866,2235260.773528219,18.61635,42.8603667,990,40,30,0,10,5.84,45,18,0.7121420505560919,9.250000000000057,2294.7000000000003,266.8,1.800599217414856,61,mixed deciduous
22,MAK22,5027279.660772698,2228933.6265197666,18.6291278,42.8018722,808,55,70,0,9,5.15,180,15,0.9653792472600468,10.450000000000045,2214.1,251.4,11.212444305419922,64,mixed deciduous
23,MAK23,5094557.763758472,2201456.877461401,19.4052333,42.4831139,607,80,20,0,5,6.35,300,25,0.8758302119604339,11.950000000000045,2810,258.5,14.676872253417969,34,mixed deciduous
24,MAK24,5098368.282540014,2202247.5357490666,19.4522806,42.4858917,933,40,25,0.5,15,6.26,350,20,0.7590872007211706,9.950000000000045,2800.2000000000003,269.8,20.60573387145996,52,mixed deciduous
26,MDK01,5068412.911845546,2160932.681544639,19.0351028,42.1489944,61,60,30,29.33441665898534,4,6.96,101,20,0.7647554980208773,16.850000000000023,1592.8000000000002,157.3,14.284442901611328,18,mixed deciduous
27,MDK02,5082610.976498015,2139620.2281444883,19.1763139,41.9425611,121,25,60,59.96177097839612,10,6.16,304,5,0.9343137280036642,16.05000000000001,1334.2,134.4,8.323824882507324,19,evergreen oak
28,MDK03,5079938.305781897,2147543.2993428353,19.1550972,42.0164833,87,60,50,64.48965661255545,10,6.87,128,10,0.8972040287485652,16.450000000000045,1337.1000000000001,133,16.971193313598633,14,evergreen oak
29,MDK08,5054738.396826339,2186121.471286109,18.9044694,42.3893861,736,25,25,0.9975,10,6.24,8,25,0.6613329363734284,11.750000000000057,3378.6000000000004,343.1,22.82431983947754,36,mixed deciduous
30,MDK09,5053967.705269011,2183929.4972407157,18.8922722,42.3705639,969,60,30,0,20,6.06,95,20,0.748808171,10.850000000000023,3530.5,355.3,28.17828369140625,30,mixed deciduous
31,MDK10,5052946.709913686,2188043.7822157266,18.88545,42.4085194,916,50,10,0.5,15,6.27,93,25,0.6875280253360899,10.750000000000057,3485.5,358.1,9.024545669555664,44,mixed deciduous
32,MDK11,5051865.279133987,2191737.2673126487,18.8773333,42.4427667,918,75,20,0.5,5,6.27,320,20,0.8396985038550937,10.450000000000045,3277.8,344.6,8.114214897155762,28,mixed deciduous
33,MDK17,5087254.124,2202733.3121375227,19.318975,42.502725,113,50,35,4.543289387874999,7,7.15,175,25,0.9538551583471526,14.950000000000045,2408.3,212.60000000000002,26.069982528686523,42,mixed deciduous
34,MDK18,5089170.4486545855,2225237.633896041,19.3737806,42.7020389,273,55,70,0,15,4.51,182,25,0.9699597797992328,13.650000000000034,2084.3,199,27.856563568115234,25,mixed deciduous
35,MDK19,5089245.36,2225019.235677313,19.3743778,42.7,224,80,20,13.1365,20,5.78,350,50,0.4070886710428287,13.650000000000034,2084.3,199,26.363880157470703,35,mixed deciduous
36,MDK20,5093244.272222817,2211481.047,19.40355,42.574325,750,40,50,0,15,6.6,245,15,0.9966441416169016,11.750000000000057,2426.2000000000003,228.10000000000002,29.129724502563477,38,mixed deciduous
37,MDK26,5034373.994346233,2181655.0874288147,18.6533806,42.3707472,33,50,70,64.55104132675284,5,6.81,125,10,0.8894098418508096,16.450000000000045,2757.3,267.1,18.352901458740234,13,evergreen oak
38,MDK27,5032665.050720283,2194253.185345303,18.6491111,42.4854556,27,50,70,42.36108343,7,6.74,45,30,0.5478392211122672,15.750000000000057,2856.9,295,47.403995513916016,30,mixed deciduous
39,MDK28,5035027.922,2199050.690124495,18.6838694,42.5260083,467,30,35,10.89775,3,6.29,105,30,0.6679534527222999,13.050000000000011,2749.6000000000004,288.8,18.14782143,59,mixed deciduous
40,MDK29,5034013.9159547575,2200906.913437947,18.6740472,42.5437,626,70,15,0,18,5.65,193,15,0.9855135376288597,11.750000000000057,3079.7000000000003,315.5,13.32550048828125,47,mixed deciduous
41,MDK04,5028344.108264968,2213120.6759000006,18.6214139,42.6590472,775,50,10,0,20,6.05,190,28,0.9866582465292442,10.750000000000057,2328.8,241.9,7.685473918914795,40,mixed deciduous
42,MDK05,5029352.768573446,2216347.9245115714,18.6378222,42.6869306,979,40,5,0.5,15,5.64,290,7,0.9371391057755866,9.650000000000034,2406.9,255,2.650881290435791,70,mixed deciduous
43,MDK06,5017377.860877721,2227960.044105553,18.5077639,42.8033111,744,65,10,0,20,5.91,210,6,0.9633194565500263,11.150000000000034,2135.6,248.20000000000002,6.399122238,55,mixed deciduous
44,MDK07,5029200.749820779,2223196.0385855674,18.6449194,42.7484639,831,60,20,0,20,6.52,245,14,0.9921109195827039,10.550000000000011,2266.2000000000003,247.8,5.265279769897461,55,mixed deciduous
45,MDK12,5053238.704741245,2198868.8484724555,18.9034056,42.5052083,850,60,30,0,15,5.85,320,20,0.8390858696978319,10.550000000000011,2707.4,291.2,17.116432189941406,46,mixed deciduous
46,MDK13,5048057.851,2218213.5875819996,18.866675,42.6840417,984,40,40,0,20,6.34,115,19,0.8036712619253844,9.250000000000057,3069.5,317,9.202065467834473,52,mixed deciduous
47,MDK14,5048681.319434377,2211460.0946722105,18.8651889,42.6228722,909,50,25,0,15,6.53,15,25,0.6453403151974884,9.850000000000023,2916.9,311,27.37883949279785,46,mixed deciduous
48,MDK15,5046497.875104424,2223694.0697590034,18.8551222,42.7347972,704,80,20,0,15,6.18,260,30,0.9838793756678335,11.050000000000011,2575.3,264.5,21.270599365234375,36,mixed deciduous
49,MDK16,5046798.046345145,2228918.2893289584,18.8657583,42.7812806,636,40,50,0,20,5.83,290,2,0.9341349561366373,11.550000000000011,2233.2000000000003,234.60000000000002,6.053654193878174,36,mixed deciduous
50,MDK21,5058968.392081027,2184225.872458597,18.9528639,42.3678806,564,65,35,0.9975,25,6.29,85,23,0.6926408738039966,13.450000000000045,2960.2000000000003,297.6,24.817176818847656,33,mixed deciduous
51,MDK22,5066251.349170819,2185732.8667991953,19.0425556,42.3735417,347,85,10,42.649278011726736,20,6.11,0,0,0.9359234485424803,14.350000000000023,2114.3,207.8,14.788047790527344,32,mixed deciduous
52,MDK23,5069461.985078861,2187522.4175100042,19.0836306,42.3860917,240,40,30,16.16369298,5,6.65,175,28,0.9493697746385109,14.850000000000023,2039.4,197,26.588010787963867,29,mixed deciduous
53,MDK24,5076402.035500924,2191842.9225493493,19.1731,42.4172111,158,25,50,2.5726495631246875,15,6.01,80,18,0.7434493277344147,15.150000000000034,2155.8,195.5,12.21187973022461,51,mixed deciduous
54,MDK25,5074057.935379698,2193079.1280010953,19.1465611,42.4308528,319,50,75,1.9850499375000001,20,5.85,0,0,0.9353784436630093,14.350000000000023,2343,216.9,7.125018119812012,47,mixed deciduous
55,MKK01,5068380.441800148,2161084.071837853,19.0349167,42.1503861,62,60,50,38.21260953456192,6,6.8,50,20,0.6927005478832735,16.450000000000045,1650.1000000000001,163,30.176313400268555,30,mixed deciduous
56,MKK02,5080525.254501933,2140397.2474833773,19.1524389,41.9518083,54,40,90,82.82373064619301,19,7.02,330,33,0.7036636052508476,16.650000000000034,1317.9,132.20000000000002,12.54024600982666,12,evergreen oak
57,MKK03,5079869.686,2147554.761623566,19.1542917,42.0166611,91,75,5,74.58838322409196,8,6.46,120,10,0.8857398235968491,16.150000000000034,1344.3000000000002,133.70000000000002,17.217697143554688,13,evergreen oak
58,MKK04,5027952.183539888,2213428.836444369,18.6170722,42.6622139,796,85,10,0.5,22,5.73,70,20,0.7025024875398201,10.750000000000057,2328.8,241.9,22.672420501708984,41,mixed deciduous
59,MKK05,5029567.459945141,2216197.595889059,18.640225,42.6853611,987,30,5,0,15,5.92,260,13,0.9766537069427381,9.650000000000034,2406.9,255,5.603066444396973,61,mixed deciduous
60,MKK06,5017105.5134389885,2228189.380789616,18.5047556,42.8056444,742,50,50,0.5,12,6.07,170,5,0.9420314666652336,11.150000000000034,2135.6,248.20000000000002,3.5422847270965576,22,mixed deciduous
63,MKK09,5052866.700392727,2183301.0687328535,18.8781833,42.3661028,1055,90,10,0,25,6.73,20,25,0.6396253198361734,9.950000000000045,3594.7000000000003,360.5,13.02044964,21,beech
64,MKK10,5050380.5520366775,2190386.304246384,18.8576444,42.4322361,1030,70,2,0,14,6.37,90,18,0.7599903718025954,9.050000000000011,3740.4,387.5,41.65980148,36,beech
65,MKK11,5052502.687668773,2191808.847641863,18.8851111,42.4427306,849,35,20,0.9975,NA,5.72,30,8,0.8462583222242789,10.650000000000034,3151.8,332.1,7.538982868,39,mixed deciduous
66,MKK12,5054090.785538092,2201713.379304893,18.9174944,42.5297861,767,30,30,0,12,6.69,360,7,0.8723151925122662,10.950000000000045,2624.8,281.8,10.380194664001465,53,mixed deciduous
67,MKK13,5048383.296459698,2214633.634431123,18.865825,42.6516222,1058,90,4,0,7,6.17,230,10,0.9845649556830961,9.050000000000011,3161.7000000000003,331.6,7.876352310180664,22,beech
68,MKK14,5047903.796020325,2215566.786595762,18.8612722,42.6604917,1058,35,60,0,NA,5.77,180,22,0.9678424053242428,9.150000000000034,3176.8,332,7.671929359436035,38,mixed deciduous
69,MKK15,5047308.981445653,2221421.3090028977,18.8619028,42.713575,879,60,10,0.5,NA,5.75,120,6,0.9024914791739701,9.950000000000045,2854.4,292.5,8.289051055908203,64,mixed deciduous
71,MKK17,5091779.396147303,2205531.903127864,19.3774778,42.5227167,476,35,25,22.21373575,11,6.26,130,15,0.8690530448974603,12.950000000000045,2558.3,231.8,6.666123867034912,43,mixed deciduous
72,MKK18,5088729.530938932,2226938.5813360782,19.3708528,42.7177583,234,90,10,9.1890365,7,6.2,240,19,1.0085866943191848,13.750000000000057,1982.2,193,23.42823028564453,44,mixed deciduous
73,MKK19,5088956.725690025,2225111.5242521446,19.3710167,42.70115,230,85,20,3.485,25,6.51,15,40,0.4401213193197373,13.650000000000034,2084.3,199,23.65390396118164,22,beech
75,MKK21,5057806.240070426,2185725.6861719713,18.9408806,42.3825639,707,75,5,1.4925125000000001,12,6.34,360,23,0.7035977808349462,11.950000000000045,3100.1000000000004,313.90000000000003,25.657550811767578,41,mixed deciduous
76,MKK22,5065051.101051067,2186201.922580312,19.0287417,42.3790417,486,45,15,21.58803995,22,6.09,210,12,0.9921595704732497,13.550000000000011,2257.9,224.10000000000002,22.36846923828125,37,mixed deciduous
77,MKK23,5069441.055461232,2187407.310937054,19.0832222,42.3850833,212,60,15,4.447737125,30,5.2,0,0,0.9358137407050429,14.850000000000023,2039.4,197,13.809351921081543,28,mixed deciduous
78,MKK24,5074939.465820861,2192042.2091924245,19.1557583,42.4206,340,50,25,40.2798357,16,6.24,350,17,0.789926607,14.250000000000057,2266.9,208.8,4.899016380310059,36,mixed deciduous
79,MKK25,5073768.876358552,2193216.2369099706,19.1432667,42.4323972,350,30,50,12.792029585085125,8,6.37,190,20,0.9892083833308979,14.350000000000023,2343,216.9,12.594131469726563,45,mixed deciduous
81,MKK27,5095883.6409050925,2203073.8037418136,19.4235,42.4960944,789,60,3,0,17,6.3,200,20,1.002951474858072,11.150000000000034,2790.1000000000004,261,8.418944358825684,112,mixed deciduous
82,MKK28,5096443.530801056,2193181.3309828965,19.4162778,42.4069056,603,60,30,1.4925125000000001,NA,0,NA,NA,NA,13.050000000000011,2673,246.70000000000002,32.51515579223633,44,mixed deciduous
83,MNJ01,5068423.370645403,2160899.2257538084,19.0351833,42.1486833,54,30,70,56.203909822151715,7,6.95,85,23,0.6947712038593978,16.850000000000023,1592.8000000000002,157.3,14.284442901611328,20,mixed deciduous
84,MNJ02,5080387.625615917,2140438.7342876485,19.15085,41.9523306,33,60,60,64.66720832949267,9,6.84,343,35,0.6262904752547699,16.650000000000034,1317.9,132.20000000000002,10.011112213134766,16,evergreen oak
85,MNJ03,5079394.311130514,2148253.144996214,19.14955,42.0234389,28,85,15,97.41389630951849,15,6.43,323,10,0.8956879993235876,16.650000000000034,1338.3000000000002,132.9,19.103092193603516,15,evergreen oak
86,MNJ04,5063786.016597956,2209538.4024922233,19.0451278,42.5894611,99,85,3,36.6384,17,7,74,15,0.770157886,14.850000000000023,2470.8,243.70000000000002,36.086177825927734,20,mixed deciduous
87,MNJ05,5054659.943,2228104.8196692346,18.9599361,42.7656,692,80,2,0.5,14,6.15,138,30,0.7987826498341867,11.250000000000057,2362.5,247.5,17.75883674621582,25,mixed deciduous
88,MNJ06,5058522.156170117,2230397.514548242,19.0098528,42.7819778,748,50,50,0.5,NA,7.03,207,5,0.958120107,10.750000000000057,2516.8,269.40000000000003,19.505809783935547,24,mixed deciduous
89,MNJ07,5054176.817226819,2186005.741443746,18.8975528,42.3889472,813,40,30,20,15,6.78,268,30,0.9660126184988158,11.350000000000023,3489.7000000000003,353.90000000000003,11.753429412841797,33,mixed deciduous
90,MNJ08,5053476.871660503,2183467.9693857385,18.88575,42.36695,1004,80,1,0,15,6.64,135,10,0.903981125,9.950000000000045,3618.4,363.8,14.082940101623535,23,beech
91,MNJ09,5053646.019,2183428.2185181454,18.8877333,42.3664139,990,80,20,0,21,5.55,35,4,0.8922118079204175,10.350000000000023,3565.1000000000004,357.70000000000005,4.264125347137451,10,beech
92,MNJ10,5051813.621161651,2189761.532027411,18.8740833,42.4251167,958,40,15,3.967575,11,6.82,338,20,0.7898260343596313,10.150000000000034,3579.3,370.70000000000005,6.392012596130371,52,mixed deciduous
93,MNJ11,5052736.277400007,2192128.888008281,18.8883528,42.44535,865,65,25,10,15,6.45,224,35,1.0279619273897782,10.650000000000034,3151.8,332.1,19.84450340270996,46,mixed deciduous
94,MNJ12,5084643.138250361,2160625.937149197,19.229275,42.1285222,434,70,35,0,13,6.22,270,25,0.9705768982536305,14.350000000000023,1792.1000000000001,167.10000000000002,23.696258544921875,48,mixed deciduous
95,MNJ13,5089564.775534811,2155054.3636179287,19.2805833,42.0731667,472,40,85,3.967575,18,5.85,6,20,0.7295647674639033,12.850000000000023,1933.7,185.60000000000002,34.68382263183594,45,mixed deciduous
96,MNJ14,5062942.236294843,2167880.6747117518,18.9787667,42.21715,654,50,5,10,11,4.87,0,0,0.9374076288340965,12.950000000000045,2159.4,214.3,4.716516494750977,25,mixed deciduous
97,MNJ15,5062951.609600587,2167906.5933422814,18.9789139,42.2173722,651,70,3,1.4925125000000001,18,5.9,2,30,0.6151275159876515,12.950000000000045,2159.4,214.3,4.716516494750977,40,mixed deciduous
98,MNJ16,5068640.926,2170465.1317712795,19.0506667,42.2341639,198,70,70,17.41496034,14,5.86,190,5,0.9578994583642012,15.250000000000057,2020.4,192.8,15.35501766204834,29,mixed deciduous
99,MNJ17,5063648.064435478,2172349.726979607,18.9932278,42.2564389,246,85,50,11.343261249999998,25,6.13,166,15,0.9467966354159376,15.250000000000057,2356.7000000000003,229.9,15.006386756896973,27,mixed deciduous
100,MNJ18,5063856.976,2171867.9696376994,18.9950917,42.2518972,331,90,10,9.733448226,18,6.84,360,22,0.7164841212404455,15.250000000000057,2356.7000000000003,229.9,39.23086166381836,41,mixed deciduous
101,MNJ19,5023945.771289782,2242899.5774258897,18.6069056,42.9304722,1211,65,4,0,8,6.37,20,3,0.8999421005455923,7.850000000000023,2305.2000000000003,274.8,5.269017219543457,30,beech
102,MNJ20,5025574.703555387,2239399.4529021857,18.6221194,42.897425,1149,65,25,0,14,5.73,310,15,0.8870926630871007,8.350000000000023,2317.5,271.90000000000003,12.863595962524414,66,mixed deciduous
103,MNJ21,5027351.728611912,2230732.2513630344,18.6323528,42.8179167,824,50,5,0,13,7.1,0,0,0.9316820298401953,10.650000000000034,2196.8,250.9,4.845499038696289,91,mixed deciduous
104,MNJ22,5034186.2402670635,2180963.541595188,18.650225,42.3647417,34,45,30,48.71087856898613,10,7.03,224,6,0.9693061479375271,16.650000000000034,2627.8,252.8,10.005134582519531,9,evergreen oak
105,MNJ23,5032095.131519325,2194412.344639423,18.6424417,42.4874722,16,50,70,44.09025092600496,35,6.39,0,0,0.9348394306242376,15.750000000000057,2856.9,295,33.64013672,19,mixed deciduous
106,MNJ24,5037246.833951651,2202072.029555704,18.7146111,42.5507778,696,65,25,1.4925125000000001,8,6.06,314,30,0.7924237454157558,11.650000000000034,2726.7000000000003,289.1,13.412124633789063,41,mixed deciduous
107,MNJ25,5030312.867424478,2202570.943,18.6315111,42.56245,1102,65,25,0,13,6.02,40,30,0.5480236769987615,9.150000000000034,3532.3,350.8,9.983892440795898,13,beech
108,MPH01,5056888.167156404,2173623.8604925843,18.9136972,42.2750972,481,50,35,3.581515,4,6.72,270,35,0.9486016611359777,14.050000000000011,2309.9,235.4,30.459692001342773,36,mixed deciduous
109,MPH02,5056531.362066511,2173657.046363204,18.9094528,42.275775,396,65,15,16.58287451,5,6.06,60,5,0.8825077300602673,14.050000000000011,2309.9,235.4,23.530771255493164,28,mixed deciduous
110,MPH03,5056107.432220692,2173747.671106068,18.9044778,42.2770389,278,70,25,46.52059287214844,7,6.24,260,30,0.9882339239370347,14.950000000000045,2270.6,231.70000000000002,23.42780113220215,27,mixed deciduous
111,MPH04,5064611.500280613,2210666.031106903,19.0566361,42.5986667,66,80,2,23.17406,10,5.93,360,10,0.8425224999957626,15.150000000000034,2307,226.5,19.859783172607422,29,mixed deciduous
112,MPH05,5054756.502539626,2228614.7635596003,18.9617972,42.7700639,710,50,40,1.0965025,7,6.79,330,10,0.8783548417224567,11.150000000000034,2333.7000000000003,245.70000000000002,15.185843467712402,44,pine
113,MPH06,5060496.528298858,2233248.366945082,19.0376778,42.805375,1015,70,10,0.1,8,7,10,25,0.6531123778247447,8.850000000000023,2660.7000000000003,290.90000000000003,20.43423843383789,27,beech
114,MPH07,5059893.321427729,2233001.7698179977,19.0300278,42.8038194,905,70,40,0,2,6.36,265,15,0.9727124790056391,9.650000000000034,2605.7000000000003,284.90000000000003,19.53783416748047,39,mixed deciduous
115,MPH08,5034079.663786992,2192120.8534588907,18.6634056,42.464875,150,75,20,68.90765637607863,6,6.32,60,30,0.556246789,15.450000000000045,2809.7000000000003,290.1,25.543134689331055,27,evergreen oak
116,MPH09,5029508.499716631,2190971.2999423086,18.6067889,42.4592944,372,60,10,22.989653735893754,5,6.64,270,20,0.970473528,13.850000000000023,2667.7000000000003,270,28.24534797668457,31,mixed deciduous
117,MPH10,5021169.227599924,2191190.672766331,18.5064861,42.4698028,190,70,20,75.46220419347797,4,6.6,270,25,0.9672764008081254,15.850000000000023,2258.4,217,36.599945068359375,19,mixed deciduous
118,MPH11,5084299.418818605,2160851.2039081194,19.2254639,42.1309194,433,65,15,3.485,26,5.9,0,0,0.9382240638103079,14.350000000000023,1792.1000000000001,167.10000000000002,3.6979970932006836,43,mixed deciduous
119,MPH12,5089588.597770396,2154897.608,19.2806528,42.0717361,531,35,10,0.1,15,6.31,45,30,0.5517619278566425,12.850000000000023,1933.7,185.60000000000002,41.16032028198242,44,mixed deciduous
120,MPH13,5066051.323399686,2167925.7845279295,19.0161556,42.2142083,656,50,30,0,8,6.29,190,25,0.992573701,12.850000000000023,2207.5,216.5,20.859670639038086,55,mixed deciduous
121,MPH14,5067058.612470734,2170904.7150011486,19.0322556,42.2398139,277,70,15,31.95673845488628,13,5.2,170,25,0.942302101,15.450000000000045,2175.7000000000003,210,14.268047332763672,27,mixed deciduous
122,MPH15,5063640.029988156,2173550.6048861933,18.9947417,42.2672083,311,60,15,0.5,NA,0,200,45,0.9774791996697949,14.050000000000011,2464.3,240.20000000000002,47.064151763916016,22,mixed deciduous
123,MPH16,5062556.890754279,2172359.243698604,18.9801306,42.2576972,355,70,30,11.343261249999998,15,6.33,45,5,0.881251109,14.050000000000011,2437.3,239.70000000000002,14.856409072875977,25,mixed deciduous
124,MPH17,5024457.244,2242604.4803710068,18.6127361,42.9273,1162,30,35,0,1,5.79,80,7,0.8618364540728585,8.150000000000034,2304.9,274.2,2.9355931282043457,34,mixed deciduous
125,MPH18,5026098.050051837,2237327.498356493,18.6257639,42.8783167,1091,50,5,0,12,5.83,50,15,0.7521333898091775,8.750000000000057,2279.8,265.6,11.884376525878906,64,mixed deciduous
126,MPH19,5026591.341743366,2232757.833476349,18.625775,42.8368556,871,40,25,0,7,7.28,130,30,0.764484438,9.850000000000023,2206.9,253.4,20.240039825439453,70,mixed deciduous
127,MPH20,5090621.907020558,2199587.552841883,19.3551667,42.4707972,490,80,5,25.55335936,8,6.88,180,20,0.9703606864937759,12.750000000000057,2659.5,237.10000000000002,33.522125244140625,13,mixed deciduous
128,MPH21,5099487.456464833,2202390.0053020963,19.4659722,42.4859,1141,75,5,0,9,5.99,45,15,0.7555378845259623,9.150000000000034,2811.2000000000003,272.90000000000003,11.214811325073242,20,beech
129,MPH22,5093174.026232122,2192367.396159592,19.375775,42.4032944,303,35,15,12.353798577974999,5,6.03,140,7,0.9202052713702993,14.350000000000023,2573.7000000000003,232.3,17.090185165405273,48,mixed deciduous
130,MJR31,5113977.859894242,2232653.716842773,19.6845972,42.7400889,1636,85,10,0,26,4.9,115,8,0.8851962444132634,5.4500000000000455,2311.7000000000003,287.6,23.09683609008789,23,beech
131,MJR32,5102246.9599698745,2232859.5641917456,19.5429167,42.7554361,1068,90,13,0,27,6.36,187,27,0.9796447062503213,8.350000000000023,2430.2000000000003,262.6,31.597890853881836,12,beech
132,MJR33,5102197.137110402,2232686.4804579513,19.5420639,42.7539444,1024,65,1,0,27,6.45,123,34,0.7004217320918945,8.350000000000023,2430.2000000000003,262.6,24.452669143676758,27,beech
133,MJR34,5108983.457274662,2232551.0288839983,19.6240083,42.7449444,1105,85,10,0,30,8.21,240,4,0.9541326313994107,7.850000000000023,2375.2000000000003,272.2,11.463141441345215,52,riparian
134,MJR35,5118171.596608844,2233829.684140893,19.7370694,42.7457306,956,50,5,0,16,5.55,95,43,0.47093754633263873,8.850000000000023,1862.1000000000001,245.20000000000002,21.607450485229492,16,mixed deciduous
135,MJR36,5140841.669812692,2247530.888858939,20.0320528,42.8413972,1328,80,7,0,27,5.66,138,32,0.7841750170664141,5.650000000000034,1595.1000000000001,296.7,18.96276855,13,fir and spruce
136,MJR37,5157011.994055413,2245317.0496067554,20.2244778,42.802,1707,75,2,0,23,5.06,95,15,0.7969776035586636,4.250000000000057,1452.5,294.1,20.59910774230957,42,fir and spruce
137,MJR38,5155006.300261499,2246700.7983686253,20.2023361,42.8168167,1454,60,6,3.097,26,7.11,305,8,0.9190334741538654,5.750000000000057,1269.4,254.70000000000002,19.05091667175293,44,pine
138,MJR39,5152743.105503054,2245308.700665288,20.1727889,42.8071389,1206,60,15,0,30,8.24,250,3,0.9468648463929441,6.750000000000057,1388.5,273.5,17.19522476196289,93,riparian
139,MJR40,5104567.455497493,2249137.450423617,19.5946333,42.8984028,1121,85,4,0,10,7.07,265,30,0.9695171589925573,7.550000000000011,2026.5,265.3,21.977386474609375,51,mixed deciduous
140,MJR41,5104996.929683564,2248628.415184276,19.5991028,42.8933556,1128,90,0,0,15,6.21,345,17,0.795627351,7.550000000000011,2026.5,265.3,23.128259658813477,15,beech
141,MJR42,5100378.075028444,2244495.2307569766,19.5370778,42.861675,963,90,5,0,25,5.89,332,36,0.6569512228433587,8.450000000000045,1899.2,236.10000000000002,17.153095245361328,37,mixed deciduous
142,MJR43,5064719.420349144,2276334.260909239,19.1486694,43.1865167,1386,70,0,0,27,5.25,5,2,0.9102105161274154,6.050000000000011,1418.7,252,4.242084026,29,fir and spruce
143,MJR44,5058252.221373288,2258561.437930375,19.0451806,43.0344694,1066,85,15,0.5,13,8.4,230,43,1.0071887368198347,7.9500000000000455,2098.9,289.40000000000003,27.37972068786621,58,beech
144,MJR45,5060119.647163966,2253314.6978561096,19.0606639,42.9854667,1099,80,3,0.5,12,7.75,192,45,0.9482979671479927,8.350000000000023,1892.2,247.20000000000002,62.584571838378906,93,mixed deciduous
145,MJR46,5060856.533997072,2260010.800644886,19.0788778,43.0446167,1438,80,20,0,18,6.68,238,30,1.018323453349654,5.4500000000000455,2324.6,327.5,31.314542770385742,27,beech
146,MJR47,5082260.300235226,2285875.524365305,19.3762806,43.2524111,966,50,70,0.9975,26,6.26,205,20,1.000987393920742,8.150000000000034,1074.3,222.4,14.752297401428223,31,pine
147,MJR48,5062914.869488903,2299004.2329146233,19.1584667,43.3913833,741,80,30,10.45,26,7.06,330,40,0.6220493018509212,10.350000000000023,960,210.60000000000002,16.537397384643555,37,mixed deciduous
148,MJR49,5062829.314209333,2298913.6489008805,19.1572917,43.3906667,748,70,15,3,16,6.87,335,33,0.6683169198215564,10.150000000000034,980,214.10000000000002,20.406633377075195,48,mixed deciduous
149,MJR50,5077781.935831351,2293781.2272174247,19.3329167,43.3281611,835,90,10,0.5,23,7.76,320,10,0.8871896119106186,9.750000000000057,896.4000000000001,201.60000000000002,26.29999542236328,42,mixed deciduous
150,MJR51,5047248.469080828,2239402.1060715495,18.8853194,42.8747139,804,60,30,0,12,6.4,350,20,0.7552597969745299,10.350000000000023,2099.5,234,4.801048278808594,52,mixed deciduous
151,MJR52,5037347.015196311,2242943.432020748,18.7698167,42.9169111,966,40,40,0.5,11,6.76,185,23,0.9758150335130705,8.650000000000034,2214.6,254.9,11.882960319519043,60,mixed deciduous
152,MJR53,5052945.941505494,2243152.885,18.959575,42.9022167,951,50,15,0,8,7.37,110,12,0.8478465000018258,9.150000000000034,2182.8,256.40000000000003,10.067440032958984,72,mixed deciduous
153,MJR54,5077942.769897093,2275014.619704495,19.3080694,43.160075,1042,90,1,0,25,6.5,255,35,0.984325982,8.450000000000045,1198.4,214.8,30.08152961730957,40,beech
154,MJR55,5085414.730252848,2268466.845272358,19.3897556,43.0931139,1244,40,30,0.5,8,6.85,115,35,0.650969753,7.050000000000011,1337.7,224.5,88.09683990478516,64,mixed deciduous
155,MJR56,5083798.229,2272594.951376103,19.3759806,43.1318667,1128,80,1,0,27,5.75,10,24,0.6625892775352679,7.150000000000034,1325.8000000000002,231.3,23.909175872802734,51,fir and spruce
156,MJR57,5082384.318596318,2274451.63,19.3614083,43.150066700000004,1169,60,2,0.5,27,7.16,360,2,0.9115565675333289,7.150000000000034,1369.2,246.3,17.54955482,83,fir and spruce
157,MKK31,5126799.018421227,2213769.000831477,19.811747,42.556209,999,90,3,0,24,5.98,55,18,0.7174080389177704,8.350000000000023,2002.2,282.7,37.32951736450195,11,beech
158,MKK32,5130231.233622125,2211014.4553366196,19.849066,42.527534,1112,90,1,0.1,21,5.91,260,25,0.9895402292506911,8.450000000000045,2044,305.40000000000003,30.67944336,14,beech
159,MKK33,5131343.007878416,2210699.409490873,19.862002,42.523405,1336,80,3,0.5,17,6.87,246,49,0.9693098602062507,6.9500000000000455,2258.2000000000003,344.8,47.91118621826172,32,beech
160,MKK34,5131197.827931566,2210257.723977694,19.859598,42.519626,1255,60,30,3,8,7.46,206,18,1.0052830077178991,6.9500000000000455,2258.2000000000003,344.8,26.837474822998047,52,mixed deciduous
161,MKK35,5113359.673555119,2233111.3369196043,19.677786,42.744899,1517,65,0,0,23,5.21,260,38,0.9677705892642728,5.050000000000011,2340.8,287.7,35.608036041259766,33,fir and spruce
162,MKK36,5100725.690325347,2229865.6320523517,19.520192,42.730384,1056,92,1,0,26,5.68,295,28,0.878003793,8.150000000000034,2464.4,256.2,25.86091423034668,9,beech
163,MKK37,5105323.597672686,2232341.9306310257,19.57941,42.747282,1037,50,30,0,27,6.97,211,2,0.9436760692125756,8.150000000000034,2426.6,266.8,16.980756759643555,59,riparian
164,MKK38,5120383.739122199,2233180.3135586716,19.762879,42.73734,891,60,1,0,18,6.59,145,38,0.7762867738495006,9.550000000000011,1675.2,226.70000000000002,30.89748191833496,46,mixed deciduous
165,MKK39,5137718.224918639,2246336.073424498,19.9924,42.834463,1160,75,6,0.5,28,5.53,180,20,0.9667824832316353,6.750000000000057,1486.9,269.1,38.98149490356445,59,mixed deciduous
166,MKK40,5147985.883924963,2248779.773726601,20.120511,42.843937,1113,55,9,0.5,14,7.52,180,30,0.9558340186061812,7.550000000000011,1235.7,241.3,16.262218475341797,34,fir and spruce
167,MKK41,5155434.104882579,2252033.085709091,20.215765,42.863936,1077,85,20,1.4925125000000001,8,8.02,75,26,0.6298672986453042,7.9500000000000455,1113.1000000000001,229.20000000000002,35.99563980102539,48,mixed deciduous
168,MKK42,5161435.702181354,2255501.949439485,20.293891,42.887554,996,85,0,0,23,5.3,44,27,0.5871405183144702,8.950000000000045,998.4000000000001,210.9,26.510435104370117,21,beech
169,MKK43,5105135.363297865,2249623.887910095,19.602233,42.902101,1226,90,1,0,18,4.96,210,19,1.0067656900008917,6.350000000000023,2062.6,274.3,28.40965461730957,20,beech
170,MKK44,5105717.252,2249398.4690833017,19.608965,42.899415,1303,65,1,0,22,6.31,235,14,0.9958759744767933,6.4500000000000455,2226.5,291.90000000000003,22.414594650268555,27,beech
171,MKK45,5099571.099479332,2244640.370425786,19.527501,42.863895,898,90,8,0,30,8.34,0,0,0.9312411419534785,8.950000000000045,1928,239.70000000000002,6.675221920013428,53,riparian
172,MKK46,5063615.6201551985,2274110.455343427,19.132096,43.167822,1427,65,2,0,17,5.6,0,0,0.9283171935716339,5.750000000000057,1555.2,269.40000000000003,5.707721233,31,fir and spruce
173,MKK47,5058176.056430541,2258542.789,19.044228,43.034385,1072,85,5,0.5,6,7.51,55,27,0.58900739,7.9500000000000455,2098.9,289.40000000000003,27.330429077148438,75,mixed deciduous
174,MKK48,5060452.910810812,2253447.9738586433,19.0649,42.986298,1041,55,10,0.5,8,7.58,75,32,0.5482338411437169,8.350000000000023,1892.2,247.20000000000002,45.29279327392578,84,mixed deciduous
175,MKK49,5062064.420338241,2258098.939,19.09093,43.026185,1375,85,0,0,16,7.28,290,26,0.9005719266112169,6.650000000000034,2218.7000000000003,305.8,40.01823425292969,23,beech
176,MKK50,5082798.948350947,2284675.301878136,19.381131,43.241068,1114,45,12,10,28,6.46,260,10,0.9639130996170984,7.650000000000034,1181.2,239.60000000000002,11.19987678527832,50,pine
177,MKK51,5063731.286177397,2299087.406240077,19.168578,43.39123,726,65,1,0.1,21,6.5,150,28,0.8527829686778411,10.150000000000034,946.5,208.5,28.05164337158203,65,mixed deciduous
178,MKK52,5075372.518713762,2297048.7382064173,19.308133,43.360087,750,90,4,0,19,5.89,45,12,0.7854294474297503,9.850000000000023,867.7,200.70000000000002,6.059832572937012,42,mixed deciduous
179,MKK53,5049175.984881514,2238083.462539446,18.906936,42.860848,772,40,1,0,12,7.88,190,22,0.9861061987077058,10.550000000000011,2086.2000000000003,231,17.373306274414063,96,mixed deciduous
180,MKK54,5040639.504241311,2240604.486122335,18.806689,42.89249,890,55,45,0,24,6.64,210,34,1.015511897876316,9.550000000000011,2321.3,262.7,14.42982292175293,89,mixed deciduous
181,MKK55,5057536.156607325,2244131.856573966,19.016654,42.90604,1232,85,2,0,13,7.14,250,15,0.9891970459314382,6.9500000000000455,2730.1000000000004,321.6,13.848265647888184,57,mixed deciduous
182,MKK56,5077971.189592016,2274683.7872393043,19.307945,43.157083,1061,50,13,3.485,16,5.81,240,19,1.0042380819291843,9.050000000000011,1179.4,209.3,21.784448623657227,53,mixed deciduous
183,MKK57,5085495.874232735,2268809.720470481,19.3912351,43.0960903,1305,80,20,0,8,5.69,115,21,0.782752642,7.050000000000011,1337.7,224.5,21.83673667907715,43,mixed deciduous
184,MKK58,5083860.580733649,2272701.5106460946,19.376893,43.13275,1141,35,1,0,5,7.96,172,35,0.911536349,7.150000000000034,1325.8000000000002,231.3,25.967769622802734,68,pine
185,MKK59,5082325.457277058,2274652.2797129955,19.360978,43.151928,1157,65,1,0,30,5.26,65,33,0.5136776335419101,7.150000000000034,1369.2,246.3,16.60091209411621,36,fir and spruce
186,MKS31,5112285.512828932,2241789.061515693,19.6774833,42.8237639,1402,70,3,0,15,5.9,360,45,0.42284192146177746,4.9500000000000455,2642.8,336,41.842063903808594,19,beech
187,MKS32,5112055.499,2241839.072635969,19.6747694,42.8244778,1373,60,25,0,14,4.69,0,0,0.9316191385106547,5.650000000000034,2648.3,333.8,19.14469337463379,35,riparian
188,MKS33,5116663.3280935995,2245060.2065872527,19.73535,42.8479306,1291,60,8,0,9,7.42,45,40,0.3972990646912793,6.250000000000057,2183.1,297,28.50568199157715,34,fir and spruce
189,MKS34,5124002.248052472,2244291.918894619,19.8231528,42.8324639,810,40,45,13.570817499999999,8,7.21,248,23,1.0057335223607622,9.750000000000057,1588,234.60000000000002,17.520761489868164,46,mixed deciduous
190,MKS35,5126826.131624417,2252537.9105428713,19.8697,42.9028611,722,40,50,0,27,6.62,293,30,0.8751379863057582,9.850000000000023,1176.9,189.20000000000002,39.297218322753906,56,mixed deciduous
191,MKS36,5125415.638821771,2258158.868,19.8610056,42.9547806,655,70,15,20.798,7,8.16,23,35,0.49048190514812734,10.250000000000057,1040.1000000000001,171.10000000000002,18.0710392,30,mixed deciduous
192,MKS37,5114735.650878394,2263558.254750032,19.7393139,43.0155972,631,40,30,0.1,4,5.29,180,42,0.9166247275799247,10.950000000000045,1166.6000000000001,184.70000000000002,16.975738525390625,39,mixed deciduous
193,MKS38,5120642.886359228,2261069.013717012,19.8073944,42.9864222,641,65,40,0,13,5.4,158,33,0.8644971519012977,10.850000000000023,1058.3,169.5,12.035526275634766,34,mixed deciduous
194,MKS39,5094242.440510264,2258272.9559008386,19.4824889,42.9919278,959,65,10,0.5,21,5.5,360,20,0.7320883967253039,9.550000000000011,1404.7,209.8,45.18958664,50,beech
195,MKS40,5089355.503729954,2258158.723001283,19.4229222,42.9964417,925,50,35,0,3,7.51,135,33,0.7618295133456231,9.050000000000011,1529.4,227.10000000000002,39.25779724121094,57,mixed deciduous
196,MKS41,5086019.182514143,2262854.0404581856,19.389075,43.0422139,817,65,10,0,8,7.96,68,35,0.49151412475792094,9.850000000000023,1514.5,239.20000000000002,71.534637451171875,74,beech
197,MKS42,5082774.892452476,2270151.080865605,19.3600167,43.11115,715,75,15,3.485,10,7.64,68,35,0.49087144163321933,9.950000000000045,1270.8000000000002,216.8,30.947179794311523,50,mixed deciduous
198,MKS43,5060809.0294573065,2276071.927,19.1005972,43.1884472,1529,40,1,0,30,5.02,135,21,0.8409168441464259,5.150000000000034,1544,270.40000000000003,1.819413423538208,21,fir and spruce
199,MKS44,5060990.915,2276257.6476453664,19.103075,43.1899111,1521,60,0,0,25,4.37,0,0,0.928104037,5.150000000000034,1544,270.40000000000003,3.987738609313965,27,fir and spruce
200,MKS45,5056413.739,2275895.467631687,19.046725,43.19165,1763,40,2,0,18,4.87,315,11,0.8916669559691656,3.9500000000000455,1725.8000000000002,297.40000000000003,19.852766036987305,36,fir and spruce
201,MKS46,5082241.502,2243706.647584226,19.31595,42.8751,951,50,35,0,12,6.06,158,30,0.8792895355013371,7.650000000000034,2058.9,245.20000000000002,38.54528045654297,43,mixed deciduous
202,MKS47,5078283.542214169,2247681.1044946024,19.2735167,42.9150806,1487,75,5,0,22,5.01,360,21,0.7214777184197991,5.050000000000011,2347.7000000000003,291.40000000000003,30.19329833984375,13,beech
203,MKS48,5080184.225734293,2248047.395417411,19.2971111,42.9162444,1273,80,20,0,21,5.92,180,30,0.9551424822596977,6.4500000000000455,2293.3,285,20.898494720458984,28,beech
204,MKS49,5069645.792875059,2250782.2372107217,19.1729444,42.9523861,1014,45,20,3,7,8.43,135,49,0.6261943903889808,7.9500000000000455,2110.5,265.3,16.232433319091797,66,mixed deciduous
205,MKS50,5047799.121466192,2250322.0106212473,18.9067667,42.9719333,1214,55,7,0,10,6.2,180,27,0.9598440545497885,7.850000000000023,2300.8,278.90000000000003,17.565954208374023,49,beech
206,MKS51,5038767.039269638,2264885.2977172695,18.8164833,43.1119611,898,60,2,0,17,7.08,225,34,1.0226388974589289,9.050000000000011,1824.2,244.8,17.90680503845215,48,mixed deciduous
207,MKS52,5040388.084597822,2277131.4369561505,18.8528083,43.2199167,766,75,15,3.485,8,7.63,180,45,0.901446115,9.250000000000057,1292.6000000000001,203.8,42.74363708496094,46,mixed deciduous
208,MKS53,5039323.620501523,2281517.3890130585,18.8457556,43.2603222,737,50,20,3.485,6,8.07,270,48,0.886194798,9.950000000000045,1227.6000000000001,203.20000000000002,43.64708709716797,31,mixed deciduous
209,MKS54,5073934.010506282,2273488.549872264,19.2570333,43.1508806,1293,25,3,0,10,6.74,113,33,0.6620316615210354,6.150000000000034,1398.9,245.70000000000002,21.506696701049805,64,pine
210,MKS55,5073401.862108706,2268601.555096354,19.2436417,43.1077361,1318,35,25,10,17,5.7,203,19,0.9986485083004489,6.550000000000011,1775.5,289.5,15.18558120727539,37,pine
211,MKS56,5070610.477331138,2269016.0322083356,19.2102194,43.1145333,1373,30,10,3.485,8,6.65,338,36,0.6267458322790038,5.4500000000000455,1810,295.40000000000003,18.26337432861328,48,pine
212,MMC31,5141246.9080535695,2228724.7531166603,20.0084722,42.6728056,1870,40,15,0,18,5.42,225,26,1.0260043653571285,3.650000000000034,2213.9,394.3,20.859237670898438,40,fir and spruce
213,MMC32,5139844.1073095575,2229114.8204749296,19.9921111,42.6779722,1484,70,10,0,19,5.76,225,32,1.0277728401352537,4.850000000000023,2144.2000000000003,377,31.545907974243164,23,fir and spruce
214,MMC33,5139747.945034042,2229148.564590245,19.991,42.6783889,1503,80,10,0,30,8.01,158,16,0.925295296,4.850000000000023,2081.4,362.6,36.047882080078125,43,riparian
215,MMC34,5139765.429401061,2229045.2558172857,19.9910556,42.6774444,1474,90,3,0,30,6.78,113,31,0.686755471,4.850000000000023,2081.4,362.6,37.50080871582031,25,beech
216,MMC35,5134485.824657764,2226443.0486963363,19.9233611,42.6604722,947,70,1,0,19,6.28,203,30,1.0106240279826582,9.350000000000023,1557.3000000000002,253.5,28.462909698486328,44,mixed deciduous
217,MMV01,5125850.949954503,2215035.7647330696,19.8021781,42.5686522,961,90,0,0,27,5.85,5,20,0.7265454555519957,9.350000000000023,1954.7,270.6,24.234657287597656,9,beech
218,MMV02,5129306.089102402,2209165.148450499,19.8351814,42.5120833,1028,70,12,0,20,6.34,0,0,0.9346049530796126,8.250000000000057,2298.8,340.90000000000003,16.511795043945313,47,beech
219,MMV03,5129429.904892667,2216374.067588371,19.8473344,42.5764133,1126,65,75,0.5,20,7.11,225,25,1.0259047870293747,7.650000000000034,1963.7,287.5,31.380760192871094,49,mixed deciduous
220,MMV04,5115174.659263777,2243049.463113468,19.7143447,42.8316817,1298,90,5,0.5,28,7.36,270,40,0.9263466355919203,6.550000000000011,2384.3,314.20000000000005,20.48894500732422,15,fir and spruce
221,MMV05,5128913.159903126,2254952.846698556,19.8986439,42.9219794,680,75,40,0.5,21,7.95,175,15,0.956164524,10.050000000000011,1063.4,177.5,16.549772262573242,47,mixed deciduous
222,MMV06,5127984.516949618,2260425.3359187897,19.8956022,42.9720017,877,45,2,0,22,5.43,165,20,0.9312815075758638,9.650000000000034,1016.1,175.70000000000002,18.64447021484375,23,mixed deciduous
223,MMV07,5116948.962,2264581.0608050143,19.7677375,43.0221556,790,85,4,0,24,4.94,40,3,0.896782424,9.450000000000045,1097.3,177.8,23.37024688720703,14,beech
224,MMV08,5121331.601035133,2262067.7645010464,19.8172528,42.9945419,796,60,0,0,17,4.83,75,20,0.7058642128046395,10.150000000000034,1033.5,169.20000000000002,12.96593952178955,16,mixed deciduous
225,MMV09,5090608.689399809,2257320.6127149714,19.4369522,42.9875267,889,75,20,5.91,26,6.75,250,17,0.9928745711425154,8.850000000000023,1534.4,226.10000000000002,27.201276779174805,46,mixed deciduous
226,MMV10,5089985.960859005,2259271.2330536414,19.4321833,43.0056833,964,85,10,0.9975,19,6.61,355,25,0.6870831302365783,8.150000000000034,1411.5,211.60000000000002,35.80592727661133,39,beech
227,MMV11,5083154.1930611245,2269460.7062876066,19.3636497,43.1045472,685,85,15,0.9975,19,7.13,15,30,0.5742133992131496,9.750000000000057,1313.9,222.10000000000002,36.54054260253906,49,beech
228,MMV12,5082895.2005301425,2270503.818857338,19.3619864,43.1141711,710,60,25,0.9975,9,7.5,300,35,0.8168836791487443,9.950000000000045,1270.8000000000002,216.8,27.592803955078125,39,beech
229,MMV13,5060064.954260085,2277021.5765888114,19.0928408,43.1977594,1574,40,30,20.4,17,6.7,300,50,0.7104078750150227,5.150000000000034,1490.3000000000002,262.40000000000003,24.788129806518555,63,pine
230,MMV14,5053108.501394845,2274128.859695956,19.0039583,43.1794117,1370,75,10,0,17,6.82,295,45,0.777363206,6.4500000000000455,1841.7,303.1,71.29005432128906,55,fir and spruce
231,MMV15,5079376.780191983,2244842.526385262,19.2827897,42.8884583,1186,40,50,0,12,6.41,225,35,1.023895597146317,7.650000000000034,2352.4,283.3,40.60843276977539,32,mixed deciduous
232,MMV16,5078938.324,2247499.3677914063,19.2812108,42.9127261,1426,55,8,0,23,7,320,55,0.5346964935407928,5.650000000000034,2310.3,287.1,34.31925582885742,31,beech
233,MMV17,5077689.789928663,2248986.8692606045,19.2681453,42.9274275,1194,60,15,0,18,7.84,205,50,0.963999912,6.750000000000057,2279.6,287.3,20.73957633972168,33,beech
234,MMV18,5068921.201633739,2250766.818966017,19.1641183,42.9530442,979,85,15,0,17,8.1,265,35,0.9586144680607305,8.350000000000023,2099.9,263.8,27.39689064025879,39,mixed deciduous
235,MMV19,5044140.838927723,2254690.058196984,18.8681783,43.0149517,1107,90,3,0,27,6.23,355,20,0.7424638541963293,8.250000000000057,2113.2000000000003,263.7,22.19304656982422,18,beech
236,MMV20,5038503.3352759555,2265908.693630804,18.8146469,43.1214058,997,60,1,0,16,8.38,215,15,0.996849293,8.650000000000034,1744.2,236.3,10.283382415771484,91,mixed deciduous
237,MMV21,5039946.254878541,2277333.6947113243,18.8476875,43.2221969,718,80,5,0,16,8.61,235,40,1.008878620608896,10.750000000000057,1302.5,204.20000000000002,46.136661529541016,38,mixed deciduous
238,MMV22,5039063.261866854,2281083.412321717,18.8419858,43.2567122,725,75,30,3.485,15,8.32,6,50,0.32741640292136315,8.250000000000057,1267.2,207.60000000000002,78.37982940673828,54,mixed deciduous
239,MMV23,5075118.757814425,2273989.346435275,19.2721853,43.1540461,986,80,25,37.5,10,7.39,60,25,0.6198074121166597,8.550000000000011,1267.7,223.60000000000002,32.78608703613281,51,mixed deciduous
240,MMV24,5070293.754428694,2268302.7374967393,19.2053578,43.1084989,1463,85,7,0,20,6.17,350,15,0.8025681547190898,5.850000000000023,1800.2,293,14.15156364440918,24,fir and spruce
241,MMV25,5067922.282424565,2274257.424208593,19.1848211,43.1644081,1340,45,15,10,13,5.93,150,30,0.8447263478163534,6.250000000000057,1486.2,259.1,16.97783088684082,49,pine
242,MNJ31,5126831.553,2214849.270481783,19.813733,42.565833,976,85,3,0,30,5.8,34,30,0.5515022392877529,8.750000000000057,1918,269.7,26.81514549255371,21,beech
243,MNJ32,5129456.158902595,2210165.052939712,19.838467,42.52085,1025,50,40,3.485,5,7.59,135,35,0.7508419037488508,8.850000000000023,2143.9,317.70000000000005,12.147224426269531,45,mixed deciduous
244,MNJ33,5124292.237859121,2216571.6405656515,19.785633,42.584217,1003,60,20,0,13,6.67,190,30,0.9853149761031823,7.750000000000057,2110.4,283.7,29.326473236083984,42,mixed deciduous
245,MNJ34,5112707.075318871,2242431.0216885107,19.683533,42.829017,1431,85,5,0,13,5.63,180,25,0.963783913,5.550000000000011,2588.8,333.6,23.931562423706055,26,beech
246,MNJ35,5116289.998581154,2244896.3018012154,19.730583,42.8469,1209,95,20,0,13,8.19,330,55,0.46741593020454286,6.4500000000000455,2247.1,303.40000000000003,38.21335983276367,39,beech
247,MNJ36,5123731.632090386,2243906.176922604,19.8193,42.829333,839,95,10,0,15,5.88,12,30,0.5834412615071172,9.750000000000057,1588,234.60000000000002,25.259496688842773,35,mixed deciduous
248,MNJ37,5127362.361606624,2255057.2469264846,19.879983,42.92475,669,98,15,3,16,7.32,345,35,0.6088622565512755,9.250000000000057,1125.7,184.3,36.92679214477539,41,beech
249,MNJ38,5127122.213768754,2259041.199864203,19.88305,42.96065,743,60,0,0,15,5.3,130,18,0.8471133296555121,9.850000000000023,1014.9000000000001,171,20.54240608215332,23,mixed deciduous
250,MNJ39,5116768.295316923,2265304.228124979,19.766617,43.028833,699,35,2,0,26,5.3,40,30,0.5435686336476031,10.150000000000034,1056.2,172.70000000000002,28.63109779,10,beech
251,MNJ40,5120543.631858806,2261500.8757896693,19.806833,42.9904,702,75,10,0.5,13,6.21,310,20,0.863040633,10.850000000000023,1058.3,169.5,21.293603897094727,41,mixed deciduous
252,MNJ41,5091366.247065026,2258948.364100212,19.4485,43.001233,839,40,50,3.967575,18,5.78,346,3,0.9091237826967647,9.250000000000057,1368.9,205,26.429996490478516,35,mixed deciduous
253,MNJ42,5089954.351088858,2259446.034387255,19.43205,43.007283,930,75,2,3.485,13,7.88,90,30,0.6134453257759485,8.150000000000034,1411.5,211.60000000000002,16.79880142211914,32,pine
254,MNJ43,5085679.901657322,2263776.5661566798,19.386267,43.05085,756,80,12,10.539549999999998,20,7.17,356,15,0.7928520242086379,9.950000000000045,1448.8000000000002,231.4,34.823265075683594,43,mixed deciduous
255,MNJ44,5059543.060087659,2275903.175507659,19.084917,43.188317,1522,75,5,0,18,6.97,330,40,0.6238785269990323,5.050000000000011,1617,281.1,47.584510803222656,24,beech
256,MNJ45,5053180.708978276,2274934.8929341272,19.00595,43.18655,1546,50,15,12.7,14,7.09,182,45,0.9099966961070108,6.050000000000011,1792.2,298.40000000000003,41.12080383300781,57,pine
257,MNJ46,5081110.033507477,2243573.1437748414,19.302033,42.875167,885,65,40,0,17,7.37,177,35,0.9325457649247847,8.150000000000034,2073.9,247.20000000000002,47.068538665771484,37,mixed deciduous
258,MNJ47,5077989.216437074,2246928.022901445,19.268883,42.908667,1558,95,2,0,26,5.89,220,18,1.0089893894732598,5.050000000000011,2347.7000000000003,291.40000000000003,10.405484199523926,19,beech
259,MNJ48,5071592.821879252,2249636.0662892656,19.195,42.939983,1170,65,50,0.19990000000000002,7,8,170,42,0.8742252392783687,7.4500000000000455,2203.3,274.5,12.961562156677246,47,mixed deciduous
260,MNJ49,5069181.524,2250624.3635368366,19.167083,42.951483,1009,85,15,0,21,6.25,200,30,1.0028126510154407,7.9500000000000455,2110.5,265.3,33.09114456176758,38,mixed deciduous
261,MNJ50,5045528.938989898,2253875.900350631,18.883967,43.006183,1055,70,15,0,19,6.83,130,30,0.7628640651671291,8.850000000000023,1993.3000000000002,248.4,14.980520248413086,62,mixed deciduous
262,MNJ51,5038837.849501737,2264726.837069592,18.817133,43.110467,868,75,1,0,11,6.86,180,30,0.9532814572856023,9.350000000000023,1710.4,230.70000000000002,17.77126693725586,46,mixed deciduous
263,MNJ52,5040353.472254265,2277080.800588156,18.852317,43.2195,727,85,10,3,9,8.14,180,52,0.8643202342910232,9.250000000000057,1292.6000000000001,203.8,41.1547966,33,mixed deciduous
264,MNJ53,5039109.444528473,2281045.7546658507,18.842499,43.256326,731,45,50,0.5,10,8.06,360,60,0.22175051176199628,8.250000000000057,1267.2,207.60000000000002,89.26525115966797,61,mixed deciduous
265,MNJ54,5073939.281516141,2273360.964534677,19.256917,43.149733,1291,90,7,0,15,8.02,3,40,0.4741700043383743,6.050000000000011,1476.7,256.6,28.686721801757813,30,beech
266,MNJ55,5073786.039888954,2267736.3326536734,19.2471,43.099567,1300,75,1,0,30,5.81,15,25,0.6406908104744726,6.050000000000011,1862.8000000000002,299.6,18.07772445678711,30,fir and spruce
267,MNJ56,5070411.105453758,2273250.3725636154,19.21375,43.15265,1316,50,35,10.45,14,5.81,360,7,0.8661966380650806,6.4500000000000455,1504.4,261.2,12.752304077148438,63,pine
268,MPH31,5141156.332657132,2227646.9049659236,20.0057517,42.6632783,1929,50,2,0,30,4.95,310,10,0.9083650457107175,2.8500000000000227,2168,381.3,18.75343132019043,26,fir and spruce
269,MPH32,5141232.299553828,2227718.0464698807,20.0067767,42.6638233,1910,50,1,0,27,4.95,100,30,0.648908848,2.8500000000000227,2168,381.3,20.186601638793945,15,fir and spruce
270,MPH33,5136902.974292124,2227643.022152208,19.9543614,42.6683253,1106,50,5,0.9975,12,5.9,180,35,0.9449653230566044,7.550000000000011,1737.2,291.6,26.150596618652344,39,mixed deciduous
271,MPH34,5138845.447,2228828.7204620186,19.9796133,42.6766083,1403,70,5,0,13,6.22,140,40,0.7356587841952252,5.150000000000034,2018.3000000000002,348.3,35.349369049072266,53,beech
272,MPH35,5134629.293295149,2226322.066783943,19.9249133,42.65922,946,60,0,0,8,5.79,240,30,1.019972781444534,8.050000000000011,1603,263.2,28.43270492553711,37,mixed deciduous
273,MPH36,5113024.8002586365,2233024.3833044367,19.6736064,42.7445092,1399,80,5,0,15,5.85,130,20,0.8367323618918622,5.9500000000000455,2338.9,284.5,23.74744415283203,14,beech
274,MPH37,5100844.009027818,2230149.2299473127,19.5220317,42.7327867,1041,60,20,0,30,8.3,0,0,0.93249733730843265,8.150000000000034,2464.4,256.2,21.60606575012207,34,riparian
275,MPH38,5105271.765038848,2232167.4029689985,19.57853,42.74578,1122,70,5,0,22,5.88,43,60,0.1033054077538173,8.150000000000034,2426.6,266.8,22.034996032714844,7,beech
276,MPH39,5120801.652599435,2233210.7031847276,19.76798,42.7371231,871,65,3,0,13,6.42,180,40,0.927193087,9.850000000000023,1633.8000000000002,223.10000000000002,31.770606994628906,31,mixed deciduous
277,MPH40,5141037.075,2247429.926478456,20.0342667,42.84026,1369,70,5,0,22,5.43,340,25,0.733547043,5.850000000000023,1581.6000000000001,295.8,28.204376220703125,31,fir and spruce
278,MPH41,5155703.108792094,2245973.312540545,20.2096483,42.809465,1558,50,15,0,21,5.67,320,10,0.8923338926249634,4.9500000000000455,1362.2,274.5,6.648756980895996,38,fir and spruce
279,MPH42,5153336.237336379,2246213.2089828188,20.1813633,42.8144983,1339,80,10,0,17,6.94,250,10,0.9754355232644616,6.550000000000011,1309.2,258.6,13.919036865234375,39,fir and spruce
280,MPH43,5152761.184670346,2245380.483385753,20.1731183,42.8077583,1232,70,15,0,1,7.5,210,50,0.9746539089990337,6.750000000000057,1388.5,273.5,19.785736083984375,63,mixed deciduous
281,MPH44,5104868.717231464,2249402.6059826217,19.598675,42.9004283,1118,85,20,0,3,7.79,170,25,0.9358869562239782,7.550000000000011,1944.7,258.8,11.47865104675293,31,mixed deciduous
282,MPH45,5105283.383320889,2248772.7817343986,19.6027886,42.8943175,1105,65,15,0,30,6.7,0,0,0.9309492096209386,7.550000000000011,2111.7000000000003,276.5,10.20556354522705,24,riparian
283,MPH46,5105402.359257158,2248733.3951300727,19.6041747,42.8938283,1110,60,20,0,30,6.55,0,0,0.9309539052727931,7.550000000000011,2111.7000000000003,276.5,9.024922370910645,32,riparian
284,MPH47,5100326.2280276725,2244933.8449684987,19.5370833,42.8656583,1087,70,20,0.5995,6,7.7,0,0,0.9312242259989125,8.450000000000045,1899.2,236.10000000000002,33.63057327270508,63,mixed deciduous
285,MPH48,5058538.844003568,2258025.674,19.04793,43.0293617,1137,80,25,0.1,4,7.49,290,75,0.5594449704919856,8.250000000000057,2047.6000000000001,279.3,76.026519775390625,69,mixed deciduous
286,MPH49,5059111.288,2253054.921564102,19.048045,42.984235,1066,65,30,1.4925125000000001,9,7.09,155,30,0.866505704,8.150000000000034,1956.3000000000002,254.70000000000002,52.43613815307617,45,mixed deciduous
287,MPH50,5062518.027771748,2261515.2628708966,19.1011867,43.056275,1505,80,30,0,12,6.45,100,20,0.7534645173096663,5.550000000000011,2351.3,337.6,31.124540328979492,37,fir and spruce
288,MPH51,5082116.854690072,2285714.853,19.3742983,43.251135,956,80,25,0.5,30,6.16,150,70,0.5313111194928348,8.850000000000023,1054.8,218.10000000000002,24.059370040893555,40,fir and spruce
289,MPH52,5062998.488286661,2298376.2358132955,19.158605,43.3856717,718,90,30,10,6,7.37,40,35,0.4673807765656834,10.350000000000023,960,210.60000000000002,39.35870361328125,50,mixed deciduous
290,MPH53,5075471.150644229,2297287.7348650433,19.3096817,43.362115,801,65,25,0.1,13,5.91,180,25,0.9585660363420052,9.650000000000034,864.3000000000001,200.5,23.367290496826172,39,mixed deciduous
291,MPH54,5048846.239458574,2238058.206135807,18.9029,42.8609736,744,40,60,0,8,6.71,345,20,0.7675248012049933,10.550000000000011,2086.2000000000003,231,5.641245365142822,36,mixed deciduous
292,MPH55,5034801.486564315,2245064.3504707776,18.741705,42.9385833,1064,70,50,0,9,8,280,60,0.7585568470051212,8.250000000000057,2137.4,247.70000000000002,29.337522506713867,25,mixed deciduous
293,MPH56,5059908.728038878,2243475.1115028793,19.0445633,42.8975917,1353,75,15,0,15,5.79,90,25,0.6750369035887898,6.750000000000057,2909.2000000000003,339.8,9.914370537,37,fir and spruce
294,MPH57,5078410.058718633,2277185.9262448335,19.31686,43.1789817,1243,75,10,0.5,17,5.51,360,20,0.7302353227923587,6.750000000000057,1352.4,249.10000000000002,19.387813568115234,48,fir and spruce
295,MPH58,5085413.6686828835,2268574.321681842,19.3898967,43.0940767,1223,70,45,0,20,7.03,160,35,0.8623556459702648,7.050000000000011,1337.7,224.5,53.67384719848633,70,mixed deciduous
296,MPH59,5084540.978797412,2270998.1652672035,19.3827417,43.116745,1253,85,5,0,15,5.19,200,25,1.0015504623681137,7.150000000000034,1315.8000000000002,227.10000000000002,13.99758529663086,17,beech
297,DS35,5144498.305629722,2224985.080227946,20.0420917,42.6354722,2058,70,0,0,NA,3.82,45,5,0.877586154,1.8500000000000227,2343,422.5,25.10705566,18,fir and spruce
298,DS51,5144480.143830034,2225216.3090329645,20.0422222,42.6375611,1973,80,3,0,NA,4.2,45,25,0.617906649,1.8500000000000227,2343,422.5,23.749303817749023,37,fir and spruce
299,DS52,5143394.684119673,2225617.6357747726,20.0297222,42.6424528,1960,65,10,0,NA,4.18,45,5,0.8775181947418934,2.9500000000000455,2245.5,400.6,25.718048095703125,23,fir and spruce
300,DS58,5142067.656283938,2227430.3316992354,20.0164333,42.66025,1841,70,5,0,NA,5.2,45,30,0.5461748374673517,2.8500000000000227,2216.6,393,24.294998168945313,31,fir and spruce
301,BS37,5143457.82,2225725.235488794,20.0306472,42.6433389,1924,50,5,0,NA,3.95,275,8,0.9522085455867224,2.9500000000000455,2245.5,400.6,18.060760498046875,12,fir and spruce
302,BS42,5142205.175240541,2227378.866,20.0180167,42.659625,1842,50,15,0,NA,3.91,270,12,0.9634595803072197,3.3500000000000227,2236.8,399.6,20.454837799072266,14,fir and spruce
303,DS14,5114496.348729174,2226966.143402772,19.6825528,42.6886111,1773,60,50,0,NA,6.82,135,10,0.9008207009948891,3.0500000000000114,2829.9,342.90000000000003,24.48943328857422,54,pine
304,DS15,5114685.447440899,2226829.1853406862,19.6846389,42.6871667,1762,80,10,0,NA,5.48,135,10,0.9008349323445033,4.750000000000057,2709.4,332.5,18.81124496459961,51,pine
305,DS56,5112935.609429626,2227305.6180041665,19.6641778,42.6934556,1788,70,5,0,NA,6.77,360,40,0.4894268654009819,4.550000000000011,2883,342.6,58.29646301269531,49,pine
307,MJR61,5047851.904206529,2242054.700747433,18.896225,42.8978306,893,65,15,0,26,4.99,180,19,0.9661930539703985,9.750000000000057,2033.1000000000001,233.10000000000002,2.2965004444122314,69,mixed deciduous
323,MRN02,5029922.7145056175,2216216.621673035,18.64455,42.6851639,1001,62,3,0,14,5.95,328,18,0.8293143404909061,9.450000000000045,2420.4,256.1,6.1218719482421875,64,mixed deciduous
333,MKK64,5032355.995972785,2251446.838339203,18.720443,42.998323,882,70,1,0,20,4.81,90,20,0.7320251314117399,9.750000000000057,1746.5,206,3.202481269836426,120,mixed deciduous
338,MKK66,5024272.540497256,2221320.4797038278,18.582765,42.736739,847,40,35,0,11,6.04,360,20,0.7346076936776003,10.450000000000045,2270.3,252.70000000000002,7.809600830078125,87,mixed deciduous
340,MPH61,5032709.520129487,2246364.094066184,18.718,42.9524167,980,60,15,0,21,5.61,360,20,0.7324791243820356,9.450000000000045,2088.7000000000003,242.10000000000002,15.055423736572266,119,mixed deciduous
342,MPH62,5032145.997886527,2251342.8776888847,18.71775,42.9976111,884,60,3,0,15,5.45,25,10,0.8191172102966149,9.750000000000057,1746.5,206,3.8356738090515137,149,mixed deciduous
346,MPD01,5049025.513995871,2237802.169789115,18.90473,42.858489,744,45,0,0,13,6.27,4,12,0.8149997263777692,10.550000000000011,2086.2000000000003,231,7.852172374725342,96,mixed deciduous
351,MPD03,5065307.817796718,2230945.4937911294,19.092832,42.779528,1162,45,7,0,21,5.57,207,10,0.9795261282728791,7.850000000000023,2807.4,299.7,11.298336029052734,52,mixed deciduous
353,MPD04,5065328.797166461,2230091.0692860675,19.091911,42.771854,1072,35,20,3.097,13,6.6,128,20,0.830740192,8.350000000000023,2776.7000000000003,294.8,19.399311065673828,52,mixed deciduous
366,MPD09,5026663.712902912,2216612.743961451,18.605614,42.692081,980,35,2,0,11,7.6,270,18,0.9680725294225616,9.150000000000034,2314.4,248.20000000000002,10.588021278381348,79,mixed deciduous
375,MJD04,5021670.827310185,2226303.6126245316,18.557689,42.784075,818,55,3,0,25,6,330,12,0.8654311483100798,10.450000000000045,2244.3,258.8,6.2514567375183105,94,mixed deciduous
382,MIA03,5047787.110524461,2241959.057720565,18.895309,42.897043,895,50,15,0,17,6.57,30,24,0.6361173774816365,9.750000000000057,2033.1000000000001,233.10000000000002,5.054348945617676,79,mixed deciduous
389,MIA06,5065203.8678318495,2231199.638062345,19.091922,42.781917,1202,60,40,10,9,7.23,150,12,0.917326785,7.850000000000023,2807.4,299.7,14.052507400512695,52,mixed deciduous
396,MIA09,5033211.822642775,2251562.269876441,18.731009,42.998462,903,80,5,0,22,5.31,0,0,0.9299485827463423,9.750000000000057,1704.2,201.60000000000002,2.156798839569092,65,mixed deciduous
398,MIA10,5019053.501450115,2244992.9262476005,18.550158,42.954262,1054,80,15,0,16,5.92,345,18,0.7856850764631822,8.650000000000034,2319.8,283.2,7.435655594,113,mixed deciduous
413,MMJ04,5029500.890145643,2216660.067724593,18.6400222,42.689575,1005,40,5,0.1,11,7.23,228,20,1.0162691576638365,9.650000000000034,2406.9,255,14.501912117004395,94,mixed deciduous
451,ReM_KK01,5053065.292541541,2185148.1383409845,18.883027777777777,42.382444444444445,942,80,20,0,16.4,6.6,360,30,0.6194053942931025,10.050000000000011,3685.5,371.3,29.390960693359375,37,beech
452,ReM_KK02,5053220.217166303,2184825.7992276032,18.884464722222223,42.37939111111111,996,90,2,0,17.2,6.14,360,35,0.5566601917743782,10.450000000000045,3614.1000000000004,364.5,23.32893943786621,30,beech
453,ReM_KK03,5055990.610402706,2181022.1052010106,18.91274888888889,42.342354722222225,902,45,30,0.9975,15,6.77,135,40,0.7116376230569257,11.150000000000034,3327.6000000000004,333.5,25.821136474609375,58,mixed deciduous
454,ReM_KK04,5055507.797234683,2176732.1606623298,18.90123388888889,42.30442444444444,775,85,30,45.71,11.2,5.93,160,5,0.9405620287028136,11.950000000000045,2700,274,9.408665657043457,43,mixed deciduous
455,ReM_KK05,5058010.263022069,2177652.8765051058,18.93255277777778,42.31000583333333,899,80,2,3,10.8,6.42,23,30,0.5670543259300154,10.750000000000057,2922,293,35.939231872558594,33,beech
456,ReM_KK06,5048554.525224292,2176133.479482023,18.816823055555556,42.30642861111111,294,65,45,65.94,5.4,7.11,225,30,1.0315395671843457,14.750000000000057,2676,273.5,28.312883377075195,43,mixed deciduous
457,ReM_KK08,5049576.3903894145,2189515.9516759254,18.846799722222222,42.425288333333334,1139,65,20,0,9,5.45,30,40,0.4116323395636819,9.550000000000011,3710.6000000000004,385.40000000000003,38.312767028808594,34,beech
458,ReM_KK09,5049606.588842955,2190449.966622419,18.848401666666664,42.43362666666666,1088,70,7,0,6.8,6.35,50,40,0.4021800202412508,9.450000000000045,3667.1000000000004,383.40000000000003,23.653932571411133,34,beech
459,ReM_PH01,5054088.1476530805,2185870.9080303726,18.896305555555553,42.38783333333333,818,70,10,1.097,13.2,6.58,30,20,0.6953684588728528,11.350000000000023,3489.7000000000003,353.90000000000003,13.16224193572998,38,mixed deciduous
460,ReM_PH02,5056032.222861797,2181043.2689567376,18.913277777777775,42.3425,894,60,3,3.485,14.6,7.4,130,35,0.7283948716453765,11.150000000000034,3327.6000000000004,333.5,29.277488708496094,58,mixed deciduous
461,ReM_PH03,5057528.021443028,2177191.7724836166,18.92613888888889,42.30638888888888,898,70,30,0.5,26.2,7.06,160,30,0.8923909450453568,11.650000000000034,2780.4,279.5,30.376358032226563,50,mixed deciduous
462,ReM_PH04,5047919.023,2186534.950013168,18.82288888888889,42.400324999999995,1481,60,10,0,23.8,NA,25,45,0.3471832708007484,7.350000000000023,3540.7000000000003,367.8,63.58728027,32,beech
463,ReM_PH06,5047875.902315224,2186724.2028987803,18.822619444444445,42.40206666666666,1407,75,20,0,16,6.39,30,40,0.4118392395759904,7.350000000000023,3540.7000000000003,367.8,46.087825775146484,30,beech
464,ReM_PH07,5049222.951795125,2187114.270243567,18.83936111111111,42.40413888888889,1425,78,5,0,17.4,6.43,360,40,0.4920090345241228,7.550000000000011,3742.4,383.70000000000005,26.1958065,19,beech
465,ReM_PH08,5050250.881406424,2182902.5836307146,18.846166666666665,42.36530555555556,1332,50,30,0,21.2,6.15,320,20,0.84045764924617306,8.450000000000045,3465.6000000000004,351.6,5.3391852378845215,27,beech
466,ReM_SP01,5048003.207863477,2186629.4826130727,18.82402777777778,42.40108333333333,1407,55,15,0,20.8,6.27,45,40,0.4012910153981959,7.350000000000023,3540.7000000000003,367.8,45.23363113,28,beech
467,ReM_SP02,5047827.351422275,2186676.951,18.82197222222222,42.401694444444445,1449,45,30,0,21,6.91,60,45,0.3382306717733243,7.350000000000023,3540.7000000000003,367.8,54.67969894,22,beech
468,ReM_SP03,5050191.124821218,2183047.397984096,18.84563888888889,42.36666666666667,1314,45,15,0,19.2,5.06,20,7,0.8622050902417638,8.350000000000023,3570.6000000000004,362,6.8149590492248535,29,beech
469,ReM_SP04,5048899.378469982,2181444.491555412,18.827972222222222,42.35366666666667,1400,90,3,0,24,6.13,10,35,0.5259212723273909,8.150000000000034,3265.4,335.70000000000005,9.576933860778809,9,beech
470,ReM_SP05,5057872.911,2177685.4427142465,18.930944444444446,42.31044444444444,954,70,30,0,11,6.87,90,35,0.5572966709986783,10.750000000000057,2922,293,37.63711929321289,47,mixed deciduous
471,ReM_SP06,5048479.672785397,2176213.2115387167,18.81602777777778,42.30722222222222,278,90,10,48.177,4,7.32,315,30,0.7905320394133171,16.05000000000001,2676.5,272.8,26.67923355102539,18,mixed deciduous
473,ReM_IA01,5049252.974061274,2179820.4742055093,18.8300844,42.3387376,979,80,2,0.5,10.4,6.48,220,29,1.0301602935114036,11.350000000000023,3019.3,311,47.21293258666992,43,mixed deciduous
474,ReM_IA02,5049726.624441156,2179567.7132775243,18.83545,42.3359716,902,70,20,1.493,3.6,7.21,210,26,1.0220616389870671,10.350000000000023,3064.3,314.40000000000003,28.682716369628906,46,mixed deciduous
475,ReM_IA03,5048157.055871376,2178649.295227779,18.8153544,42.3293974,485,60,60,30.133,6,7.09,90,30,0.6199089282346104,13.350000000000023,2912.6000000000004,300.5,27.460607528686523,49,mixed deciduous
476,ReM_IA04,5043863.459730355,2182815.398097296,18.7691537,42.3712562,177,90,60,46.216,7.8,7.31,250,18,1.0009014344297906,15.450000000000045,2977,308.6,13.576580047607422,16,mixed deciduous
477,ReM_IA05,5051358.660674512,2177619.134065089,18.8525094,42.3167803,543,70,60,13.571,7.6,7.04,175,17,0.9623607283742253,12.450000000000045,2840.2000000000003,291.3,12.168299674987793,37,mixed deciduous
478,ReM_IA06,5057986.441166239,2177827.8742120937,18.9324997,42.3115995,879,80,15,5.91,15.8,7.14,82,39,0.478069445,10.750000000000057,2922,293,43.967567443847656,25,mixed deciduous
479,ReM_JR01,5048798.038462497,2181162.6007288117,18.826380555555556,42.35124722222223,1375,95,3,0,27.8,6.22,234,32,1.027705307566976,8.150000000000034,3265.4,335.70000000000005,13.06890583,10,beech
480,ReM_JR02,5049361.617462545,2179711.0051318365,18.83124722222222,42.33764166666667,955,40,15,3.097,16.4,6.07,198,20,1.001982214087486,11.350000000000023,3019.3,311,42.43147659301758,24,mixed deciduous
481,ReM_JR03,5049841.784677535,2179519.6915853187,18.836772222222223,42.33541944444445,895,35,3,0.5995,22.8,6.45,215,20,1.0174674495368652,10.350000000000023,3064.3,314.40000000000003,25.841751098632813,58,mixed deciduous
483,ReM_JR05,5044035.187975237,2182924.065836563,18.77136388888889,42.37205,194,80,20,25.85,10.2,7.41,325,35,0.7042100047593349,15.450000000000045,2977,308.6,11.912362098693848,19,mixed deciduous
